Model,Accuracy,Precision,Recall,F1 Score,ROC-AUC
Random Forest,0.9531568228105907,0.9323671497584541,0.9554455445544554,0.9437652811735942,0.984463325225256
